file,task,source,source_id,license,url
pixabay_190323.mp4,plumbing,pixabay,190323,Pixabay License,https://pixabay.com/videos/id-190323/
pixabay_73977.mp4,plumbing,pixabay,73977,Pixabay License,https://pixabay.com/videos/id-73977/
pixabay_4728.mp4,plumbing,pixabay,4728,Pixabay License,https://pixabay.com/videos/id-4728/
pixabay_4729.mp4,plumbing,pixabay,4729,Pixabay License,https://pixabay.com/videos/id-4729/
pixabay_57936.mp4,plumbing,pixabay,57936,Pixabay License,https://pixabay.com/videos/id-57936/
pixabay_99693.mp4,plumbing,pixabay,99693,Pixabay License,https://pixabay.com/videos/id-99693/
pixabay_11286.mp4,plumbing,pixabay,11286,Pixabay License,https://pixabay.com/videos/id-11286/
pixabay_4593.mp4,plumbing,pixabay,4593,Pixabay License,https://pixabay.com/videos/id-4593/
pixabay_182932.mp4,plumbing,pixabay,182932,Pixabay License,https://pixabay.com/videos/id-182932/
pixabay_145013.mp4,plumbing,pixabay,145013,Pixabay License,https://pixabay.com/videos/id-145013/
pixabay_127073.mp4,plumbing,pixabay,127073,Pixabay License,https://pixabay.com/videos/id-127073/
pixabay_779.mp4,plumbing,pixabay,779,Pixabay License,https://pixabay.com/videos/id-779/
pixabay_43629.mp4,plumbing,pixabay,43629,Pixabay License,https://pixabay.com/videos/id-43629/
pixabay_4973.mp4,plumbing,pixabay,4973,Pixabay License,https://pixabay.com/videos/id-4973/
pixabay_357279.mp4,electrical,pixabay,357279,Pixabay License,https://pixabay.com/videos/id-357279/
pixabay_159674.mp4,electrical,pixabay,159674,Pixabay License,https://pixabay.com/videos/id-159674/
pixabay_122.mp4,electrical,pixabay,122,Pixabay License,https://pixabay.com/videos/id-122/
pixabay_20465.mp4,electrical,pixabay,20465,Pixabay License,https://pixabay.com/videos/id-20465/
pixabay_4504.mp4,electrical,pixabay,4504,Pixabay License,https://pixabay.com/videos/id-4504/
pixabay_31485.mp4,electrical,pixabay,31485,Pixabay License,https://pixabay.com/videos/id-31485/
pixabay_252871.mp4,electrical,pixabay,252871,Pixabay License,https://pixabay.com/videos/id-252871/
pixabay_85824.mp4,electrical,pixabay,85824,Pixabay License,https://pixabay.com/videos/id-85824/
pixabay_218979.mp4,electrical,pixabay,218979,Pixabay License,https://pixabay.com/videos/id-218979/
pixabay_86252.mp4,electrical,pixabay,86252,Pixabay License,https://pixabay.com/videos/id-86252/
pixabay_14727.mp4,electrical,pixabay,14727,Pixabay License,https://pixabay.com/videos/id-14727/
pixabay_14730.mp4,electrical,pixabay,14730,Pixabay License,https://pixabay.com/videos/id-14730/
pixabay_154950.mp4,electrical,pixabay,154950,Pixabay License,https://pixabay.com/videos/id-154950/
pixabay_86258.mp4,electrical,pixabay,86258,Pixabay License,https://pixabay.com/videos/id-86258/
pixabay_1111.mp4,tailoring,pixabay,1111,Pixabay License,https://pixabay.com/videos/id-1111/
pixabay_9398.mp4,tailoring,pixabay,9398,Pixabay License,https://pixabay.com/videos/id-9398/
pixabay_9397.mp4,tailoring,pixabay,9397,Pixabay License,https://pixabay.com/videos/id-9397/
pixabay_70506.mp4,tailoring,pixabay,70506,Pixabay License,https://pixabay.com/videos/id-70506/
pixabay_70511.mp4,tailoring,pixabay,70511,Pixabay License,https://pixabay.com/videos/id-70511/
pixabay_70508.mp4,tailoring,pixabay,70508,Pixabay License,https://pixabay.com/videos/id-70508/
pixabay_70507.mp4,tailoring,pixabay,70507,Pixabay License,https://pixabay.com/videos/id-70507/
pixabay_70515.mp4,tailoring,pixabay,70515,Pixabay License,https://pixabay.com/videos/id-70515/
pixabay_70509.mp4,tailoring,pixabay,70509,Pixabay License,https://pixabay.com/videos/id-70509/
pixabay_70505.mp4,tailoring,pixabay,70505,Pixabay License,https://pixabay.com/videos/id-70505/
pixabay_70518.mp4,tailoring,pixabay,70518,Pixabay License,https://pixabay.com/videos/id-70518/
pixabay_9399.mp4,tailoring,pixabay,9399,Pixabay License,https://pixabay.com/videos/id-9399/
pixabay_115790.mp4,tailoring,pixabay,115790,Pixabay License,https://pixabay.com/videos/id-115790/
pixabay_11363.mp4,tailoring,pixabay,11363,Pixabay License,https://pixabay.com/videos/id-11363/
pixabay_118091.mp4,plumbing,pixabay,118091,Pixabay License,https://pixabay.com/videos/id-118091/
pixabay_136086.mp4,plumbing,pixabay,136086,Pixabay License,https://pixabay.com/videos/id-136086/
pixabay_200276.mp4,plumbing,pixabay,200276,Pixabay License,https://pixabay.com/videos/id-200276/
pixabay_4906.mp4,plumbing,pixabay,4906,Pixabay License,https://pixabay.com/videos/id-4906/
pixabay_4905.mp4,plumbing,pixabay,4905,Pixabay License,https://pixabay.com/videos/id-4905/
archive_electrical-services-now-available-in-getondial.mp4,electrical,archive.org,electrical-services-now-available-in-getondial,https://creativecommons.org/publicdomain/mark/1.0/,https://archive.org/details/electrical-services-now-available-in-getondial
pixabay_32443.mp4,electrical,pixabay,32443,Pixabay License,https://pixabay.com/videos/id-32443/
pixabay_4975.mp4,electrical,pixabay,4975,Pixabay License,https://pixabay.com/videos/id-4975/
pixabay_199545.mp4,electrical,pixabay,199545,Pixabay License,https://pixabay.com/videos/id-199545/
pixabay_104808.mp4,electrical,pixabay,104808,Pixabay License,https://pixabay.com/videos/id-104808/
pixabay_11364.mp4,tailoring,pixabay,11364,Pixabay License,https://pixabay.com/videos/id-11364/
pixabay_73847.mp4,tailoring,pixabay,73847,Pixabay License,https://pixabay.com/videos/id-73847/
pixabay_34091.mp4,tailoring,pixabay,34091,Pixabay License,https://pixabay.com/videos/id-34091/
pixabay_105581.mp4,tailoring,pixabay,105581,Pixabay License,https://pixabay.com/videos/id-105581/
pixabay_1006.mp4,tailoring,pixabay,1006,Pixabay License,https://pixabay.com/videos/id-1006/
pixabay_166809.mp4,carpentry,pixabay,166809,Pixabay License,https://pixabay.com/videos/id-166809/
pixabay_125458.mp4,carpentry,pixabay,125458,Pixabay License,https://pixabay.com/videos/id-125458/
pixabay_163899.mp4,carpentry,pixabay,163899,Pixabay License,https://pixabay.com/videos/id-163899/
pixabay_163898.mp4,carpentry,pixabay,163898,Pixabay License,https://pixabay.com/videos/id-163898/
pixabay_166808.mp4,carpentry,pixabay,166808,Pixabay License,https://pixabay.com/videos/id-166808/
pixabay_85348.mp4,painting,pixabay,85348,Pixabay License,https://pixabay.com/videos/id-85348/
pixabay_85347.mp4,painting,pixabay,85347,Pixabay License,https://pixabay.com/videos/id-85347/
pixabay_85341.mp4,painting,pixabay,85341,Pixabay License,https://pixabay.com/videos/id-85341/
pixabay_85340.mp4,painting,pixabay,85340,Pixabay License,https://pixabay.com/videos/id-85340/
pixabay_85346.mp4,painting,pixabay,85346,Pixabay License,https://pixabay.com/videos/id-85346/
pixabay_12543.mp4,welding,pixabay,12543,Pixabay License,https://pixabay.com/videos/id-12543/
pixabay_72544.mp4,welding,pixabay,72544,Pixabay License,https://pixabay.com/videos/id-72544/
pixabay_376591.mp4,welding,pixabay,376591,Pixabay License,https://pixabay.com/videos/id-376591/
pixabay_372909.mp4,welding,pixabay,372909,Pixabay License,https://pixabay.com/videos/id-372909/
pixabay_365016.mp4,welding,pixabay,365016,Pixabay License,https://pixabay.com/videos/id-365016/
pixabay_49346.mp4,masonry,pixabay,49346,Pixabay License,https://pixabay.com/videos/id-49346/
pixabay_2907.mp4,masonry,pixabay,2907,Pixabay License,https://pixabay.com/videos/id-2907/
pixabay_19166.mp4,masonry,pixabay,19166,Pixabay License,https://pixabay.com/videos/id-19166/
pixabay_32298.mp4,masonry,pixabay,32298,Pixabay License,https://pixabay.com/videos/id-32298/
pixabay_32297.mp4,masonry,pixabay,32297,Pixabay License,https://pixabay.com/videos/id-32297/
pixabay_55691.mp4,mechanic,pixabay,55691,Pixabay License,https://pixabay.com/videos/id-55691/
pixabay_55688.mp4,mechanic,pixabay,55688,Pixabay License,https://pixabay.com/videos/id-55688/
pixabay_55687.mp4,mechanic,pixabay,55687,Pixabay License,https://pixabay.com/videos/id-55687/
pixabay_177415.mp4,mechanic,pixabay,177415,Pixabay License,https://pixabay.com/videos/id-177415/
pixabay_177412.mp4,mechanic,pixabay,177412,Pixabay License,https://pixabay.com/videos/id-177412/
yt_pqRi90Gjyr8.mp4,tailoring,youtube,pqRi90Gjyr8,Creative Commons Attribution license (reuse allowed),https://www.youtube.com/watch?v=pqRi90Gjyr8
yt_IaUW-uuvsns.mp4,tailoring,youtube,IaUW-uuvsns,Creative Commons Attribution license (reuse allowed),https://www.youtube.com/watch?v=IaUW-uuvsns
yt_Ig12Z1uLhko.mp4,tailoring,youtube,Ig12Z1uLhko,Creative Commons Attribution license (reuse allowed),https://www.youtube.com/watch?v=Ig12Z1uLhko
yt_wxwoyCCIbGg.mp4,tailoring,youtube,wxwoyCCIbGg,Creative Commons Attribution license (reuse allowed),https://www.youtube.com/watch?v=wxwoyCCIbGg
yt_AGfcmIax5NI.mp4,tailoring,youtube,AGfcmIax5NI,Creative Commons Attribution license (reuse allowed),https://www.youtube.com/watch?v=AGfcmIax5NI
yt_SCIS-YkgCuk.mp4,tailoring,youtube,SCIS-YkgCuk,Creative Commons Attribution license (reuse allowed),https://www.youtube.com/watch?v=SCIS-YkgCuk
yt_-wqckHIJUCI.mp4,tailoring,youtube,-wqckHIJUCI,Creative Commons Attribution license (reuse allowed),https://www.youtube.com/watch?v=-wqckHIJUCI
yt_liP2CRpu2Lc.mp4,tailoring,youtube,liP2CRpu2Lc,Creative Commons Attribution license (reuse allowed),https://www.youtube.com/watch?v=liP2CRpu2Lc
yt_iM9Gqp_6HB0.mp4,plumbing,youtube,iM9Gqp_6HB0,Creative Commons Attribution license (reuse allowed),https://www.youtube.com/watch?v=iM9Gqp_6HB0
yt_ysyDd0ZvT_8.mp4,plumbing,youtube,ysyDd0ZvT_8,Creative Commons Attribution license (reuse allowed),https://www.youtube.com/watch?v=ysyDd0ZvT_8
yt_cV-srIclj1k.mp4,plumbing,youtube,cV-srIclj1k,Creative Commons Attribution license (reuse allowed),https://www.youtube.com/watch?v=cV-srIclj1k
yt_e4F572BB7W8.mp4,plumbing,youtube,e4F572BB7W8,Creative Commons Attribution license (reuse allowed),https://www.youtube.com/watch?v=e4F572BB7W8
yt_-n2i-o8gDCg.mp4,plumbing,youtube,-n2i-o8gDCg,Creative Commons Attribution license (reuse allowed),https://www.youtube.com/watch?v=-n2i-o8gDCg
yt_XmDlrzEoY0c.mp4,plumbing,youtube,XmDlrzEoY0c,Creative Commons Attribution license (reuse allowed),https://www.youtube.com/watch?v=XmDlrzEoY0c
yt_aeY0r4eHLls.mp4,electrical,youtube,aeY0r4eHLls,Creative Commons Attribution license (reuse allowed),https://www.youtube.com/watch?v=aeY0r4eHLls
yt_xoEv9UfPONQ.mp4,electrical,youtube,xoEv9UfPONQ,Creative Commons Attribution license (reuse allowed),https://www.youtube.com/watch?v=xoEv9UfPONQ
yt_pJYh4HgovaE.mp4,electrical,youtube,pJYh4HgovaE,Creative Commons Attribution license (reuse allowed),https://www.youtube.com/watch?v=pJYh4HgovaE
yt_zqo0mU5mA5I.mp4,electrical,youtube,zqo0mU5mA5I,Creative Commons Attribution license (reuse allowed),https://www.youtube.com/watch?v=zqo0mU5mA5I
yt_xHp6Y8sOOJM.mp4,electrical,youtube,xHp6Y8sOOJM,Creative Commons Attribution license (reuse allowed),https://www.youtube.com/watch?v=xHp6Y8sOOJM
yt_u2ENB6HpA4E.mp4,electrical,youtube,u2ENB6HpA4E,Creative Commons Attribution license (reuse allowed),https://www.youtube.com/watch?v=u2ENB6HpA4E
yt_RAhyrrSuD8Q.mp4,electrical,youtube,RAhyrrSuD8Q,Creative Commons Attribution license (reuse allowed),https://www.youtube.com/watch?v=RAhyrrSuD8Q
yt_Vpg7Te5LhA0.mp4,tailoring,youtube,Vpg7Te5LhA0,Creative Commons Attribution license (reuse allowed),https://www.youtube.com/watch?v=Vpg7Te5LhA0
yt_9b-4GkNhJ5E.mp4,tailoring,youtube,9b-4GkNhJ5E,Creative Commons Attribution license (reuse allowed),https://www.youtube.com/watch?v=9b-4GkNhJ5E
yt_YMN5DZLssEo.mp4,tailoring,youtube,YMN5DZLssEo,Creative Commons Attribution license (reuse allowed),https://www.youtube.com/watch?v=YMN5DZLssEo
yt_KzRC-82P7A4.mp4,tailoring,youtube,KzRC-82P7A4,Creative Commons Attribution license (reuse allowed),https://www.youtube.com/watch?v=KzRC-82P7A4
yt_yxeq8HeUlQw.mp4,tailoring,youtube,yxeq8HeUlQw,Creative Commons Attribution license (reuse allowed),https://www.youtube.com/watch?v=yxeq8HeUlQw
yt_FclEa6Y9zKM.mp4,tailoring,youtube,FclEa6Y9zKM,Creative Commons Attribution license (reuse allowed),https://www.youtube.com/watch?v=FclEa6Y9zKM
yt_KIScG4OL7W0.mp4,tailoring,youtube,KIScG4OL7W0,Creative Commons Attribution license (reuse allowed),https://www.youtube.com/watch?v=KIScG4OL7W0
yt_Npe67CvFQls.mp4,tailoring,youtube,Npe67CvFQls,Creative Commons Attribution license (reuse allowed),https://www.youtube.com/watch?v=Npe67CvFQls
yt_pzCRz8P_SsE.mp4,tailoring,youtube,pzCRz8P_SsE,Creative Commons Attribution license (reuse allowed),https://www.youtube.com/watch?v=pzCRz8P_SsE
yt_YSpmluxIeFU.mp4,carpentry,youtube,YSpmluxIeFU,Creative Commons Attribution license (reuse allowed),https://www.youtube.com/watch?v=YSpmluxIeFU
yt_atUh17yCUIs.mp4,carpentry,youtube,atUh17yCUIs,Creative Commons Attribution license (reuse allowed),https://www.youtube.com/watch?v=atUh17yCUIs
yt_G2L2mKBw2t8.mp4,carpentry,youtube,G2L2mKBw2t8,Creative Commons Attribution license (reuse allowed),https://www.youtube.com/watch?v=G2L2mKBw2t8
yt_Js6WPdO8MPw.mp4,carpentry,youtube,Js6WPdO8MPw,Creative Commons Attribution license (reuse allowed),https://www.youtube.com/watch?v=Js6WPdO8MPw
yt_fczxDFtRnqY.mp4,carpentry,youtube,fczxDFtRnqY,Creative Commons Attribution license (reuse allowed),https://www.youtube.com/watch?v=fczxDFtRnqY
yt_QQLcTKo8Kjg.mp4,carpentry,youtube,QQLcTKo8Kjg,Creative Commons Attribution license (reuse allowed),https://www.youtube.com/watch?v=QQLcTKo8Kjg
yt_PSoAL7lRULU.mp4,carpentry,youtube,PSoAL7lRULU,Creative Commons Attribution license (reuse allowed),https://www.youtube.com/watch?v=PSoAL7lRULU
yt_WrD77yVRV5w.mp4,painting,youtube,WrD77yVRV5w,Creative Commons Attribution license (reuse allowed),https://www.youtube.com/watch?v=WrD77yVRV5w
yt_tsyoQ7wDrKA.mp4,painting,youtube,tsyoQ7wDrKA,Creative Commons Attribution license (reuse allowed),https://www.youtube.com/watch?v=tsyoQ7wDrKA
yt_t67hhoiQLwg.mp4,painting,youtube,t67hhoiQLwg,Creative Commons Attribution license (reuse allowed),https://www.youtube.com/watch?v=t67hhoiQLwg
yt_R79z1LMRS8Y.mp4,painting,youtube,R79z1LMRS8Y,Creative Commons Attribution license (reuse allowed),https://www.youtube.com/watch?v=R79z1LMRS8Y
yt_CVqlgJKH5Hw.mp4,plumbing,youtube,CVqlgJKH5Hw,Creative Commons Attribution license (reuse allowed),https://www.youtube.com/watch?v=CVqlgJKH5Hw
yt_8YxCm2Tx8LQ.mp4,plumbing,youtube,8YxCm2Tx8LQ,Creative Commons Attribution license (reuse allowed),https://www.youtube.com/watch?v=8YxCm2Tx8LQ
yt_wKVd3fqbJkk.mp4,plumbing,youtube,wKVd3fqbJkk,Creative Commons Attribution license (reuse allowed),https://www.youtube.com/watch?v=wKVd3fqbJkk
