clip,task,score
archive_electrical-services-now-available-in-getondial,electrical,
pixabay_1006,tailoring,
pixabay_104808,electrical,
pixabay_105581,tailoring,
pixabay_1111,tailoring,
pixabay_11286,plumbing,
pixabay_11363,tailoring,
pixabay_11364,tailoring,
pixabay_115790,tailoring,
pixabay_118091,plumbing,
pixabay_122,electrical,
pixabay_12543,welding,
pixabay_125458,carpentry,
pixabay_127073,plumbing,
pixabay_136086,plumbing,
pixabay_145013,plumbing,
pixabay_14727,electrical,
pixabay_14730,electrical,
pixabay_154950,electrical,
pixabay_159674,electrical,
pixabay_163898,carpentry,
pixabay_163899,carpentry,
pixabay_166808,carpentry,
pixabay_166809,carpentry,
pixabay_177412,mechanic,
pixabay_177415,mechanic,
pixabay_182932,plumbing,
pixabay_190323,plumbing,
pixabay_19166,masonry,
pixabay_199545,electrical,
pixabay_200276,plumbing,
pixabay_20465,electrical,
pixabay_218979,electrical,
pixabay_252871,electrical,
pixabay_2907,masonry,
pixabay_31485,electrical,
pixabay_32297,masonry,
pixabay_32298,masonry,
pixabay_32443,electrical,
pixabay_34091,tailoring,
pixabay_357279,electrical,
pixabay_365016,welding,
pixabay_372909,welding,
pixabay_376591,welding,
pixabay_43629,plumbing,
pixabay_4504,electrical,
pixabay_4593,plumbing,
pixabay_4728,plumbing,
pixabay_4729,plumbing,
pixabay_4905,plumbing,
pixabay_4906,plumbing,
pixabay_49346,masonry,
pixabay_4973,plumbing,
pixabay_4975,electrical,
pixabay_55687,mechanic,
pixabay_55688,mechanic,
pixabay_55691,mechanic,
pixabay_57936,plumbing,
pixabay_70505,tailoring,
pixabay_70506,tailoring,
pixabay_70507,tailoring,
pixabay_70508,tailoring,
pixabay_70509,tailoring,
pixabay_70511,tailoring,
pixabay_70515,tailoring,
pixabay_70518,tailoring,
pixabay_72544,welding,
pixabay_73847,tailoring,
pixabay_73977,plumbing,
pixabay_779,plumbing,
pixabay_85340,painting,
pixabay_85341,painting,
pixabay_85346,painting,
pixabay_85347,painting,
pixabay_85348,painting,
pixabay_85824,electrical,
pixabay_86252,electrical,
pixabay_86258,electrical,
pixabay_9397,tailoring,
pixabay_9398,tailoring,
pixabay_9399,tailoring,
pixabay_99693,plumbing,
yt_-n2i-o8gDCg,plumbing,
yt_-wqckHIJUCI,tailoring,
yt_8YxCm2Tx8LQ,plumbing,
yt_9b-4GkNhJ5E,tailoring,
yt_aeY0r4eHLls,electrical,
yt_AGfcmIax5NI,tailoring,
yt_atUh17yCUIs,carpentry,
yt_cV-srIclj1k,plumbing,
yt_CVqlgJKH5Hw,plumbing,
yt_e4F572BB7W8,plumbing,
yt_FclEa6Y9zKM,tailoring,
yt_fczxDFtRnqY,carpentry,
yt_G2L2mKBw2t8,carpentry,
yt_IaUW-uuvsns,tailoring,
yt_Ig12Z1uLhko,tailoring,
yt_iM9Gqp_6HB0,plumbing,
yt_Js6WPdO8MPw,carpentry,
yt_KIScG4OL7W0,tailoring,
yt_KzRC-82P7A4,tailoring,
yt_liP2CRpu2Lc,tailoring,
yt_Npe67CvFQls,tailoring,
yt_pJYh4HgovaE,electrical,
yt_pqRi90Gjyr8,tailoring,
yt_PSoAL7lRULU,carpentry,
yt_pzCRz8P_SsE,tailoring,
yt_QQLcTKo8Kjg,carpentry,
yt_R79z1LMRS8Y,painting,
yt_RAhyrrSuD8Q,electrical,
yt_SCIS-YkgCuk,tailoring,
yt_t67hhoiQLwg,painting,
yt_tsyoQ7wDrKA,painting,
yt_u2ENB6HpA4E,electrical,
yt_Vpg7Te5LhA0,tailoring,
yt_wKVd3fqbJkk,plumbing,
yt_WrD77yVRV5w,painting,
yt_wxwoyCCIbGg,tailoring,
yt_xHp6Y8sOOJM,electrical,
yt_XmDlrzEoY0c,plumbing,
yt_xoEv9UfPONQ,electrical,
yt_YMN5DZLssEo,tailoring,
yt_YSpmluxIeFU,carpentry,
yt_ysyDd0ZvT_8,plumbing,
yt_yxeq8HeUlQw,tailoring,
yt_zqo0mU5mA5I,electrical,
